{
  "meta": {
    "author": "Olivier Cléro",
    "name": "Dark",
    "version": "1.5.0"
  },

  "backgroundColorMain1": "#1f2127",
  "backgroundColorMain2": "#282b33",
  "backgroundColorMain3": "#333848",
  "backgroundColorMain4": "#333848",

  "backgroundColorWorkspace": "#17181c",
  "backgroundColorTabBar": "#1e2026",

  "borderColor": "#40485a",
  "borderColorHovered": "#4a5670",
  "borderColorPressed": "#5b6e98",
  "borderColorDisabled": "#2f343f",

  "focusColor": "#3097ff6a",

  "neutralColor": "#4c5368",
  "neutralColorHovered": "#535c78",
  "neutralColorPressed": "#5b6688",
  "neutralColorDisabled": "#2d313b",

  "primaryColor": "#5086ff",
  "primaryColorHovered": "#6494ff",
  "primaryColorPressed": "#7aa3ff",
  "primaryColorDisabled": "#2c3448",

  "primaryAlternativeColor": "#3161f8",
  "primaryAlternativeColorHovered": "#4571fe",
  "primaryAlternativeColorPressed": "#5a82ff",
  "primaryAlternativeColorDisabled": "#293346",

  "primaryColorForeground": "#ffffff",
  "primaryColorForegroundHovered": "#ffffff",
  "primaryColorForegroundPressed": "#ffffff",
  "primaryColorForegroundDisabled": "#455170",

  "secondaryColor": "#ffffff",
  "secondaryColorHovered": "#d5d5d5",
  "secondaryColorPressed": "#ebebeb",
  "secondaryColorDisabled": "#ffffff33",

  "secondaryAlternativeColor": "#67718d",
  "secondaryAlternativeColorHovered": "#8b93ab",
  "secondaryAlternativeColorPressed": "#9ca4bc",
  "secondaryAlternativeColorDisabled": "#575f763f",

  "secondaryColorForeground": "#282b33",
  "secondaryColorForegroundHovered": "#282b33",
  "secondaryColorForegroundPressed": "#282b33",
  "secondaryColorForegroundDisabled": "#282b333f",

  "semiTransparentColor1": "#b7c9ff18",
  "semiTransparentColor2": "#b7c9ff23",
  "semiTransparentColor3": "#b7c9ff28",
  "semiTransparentColor4": "#b7c9ff2d",

  "shadowColor1": "#00000066",
  "shadowColor2": "#000000bb",
  "shadowColor3": "#000000ff",

  "statusColorForeground": "#ffffff",
  "statusColorForegroundHovered": "#ffffff",
  "statusColorForegroundPressed": "#ffffff",
  "statusColorForegroundDisabled": "#ffffff26",

  "statusColorError": "#e96b72",
  "statusColorErrorHovered": "#f47c83",
  "statusColorErrorPressed": "#ff9197",
  "statusColorErrorDisabled": "#3f333b",

  "statusColorInfo": "#1ba8d5",
  "statusColorInfoHovered": "#1eb5e5",
  "statusColorInfoPressed": "#29c0f0",
  "statusColorInfoDisabled": "#283345",

  "statusColorSuccess": "#2bb5a0",
  "statusColorSuccessHovered": "#3cbfab",
  "statusColorSuccessPressed": "#4ecdb9",
  "statusColorSuccessDisabled": "#28363c",

  "statusColorWarning": "#fbc064",
  "statusColorWarningHovered": "#ffcf6c",
  "statusColorWarningPressed": "#ffd880",
  "statusColorWarningDisabled": "#393737"
}
