{
  "meta": {
    "author": "Olivier Cléro",
    "name": "Light",
    "version": "1.5.0"
  },

  "backgroundColorMain1": "#ffffff",
  "backgroundColorMain2": "#f3f3f3",
  "backgroundColorMain3": "#e3e3e3",
  "backgroundColorMain4": "#dfdfdf",

  "backgroundColorWorkspace": "#b7b7b7",
  "backgroundColorTabBar": "#dfdfdf",

  "borderColor": "#d3d3d3",
  "borderColorDisabled": "#e9e9e9",
  "borderColorHovered": "#b3b3b3",
  "borderColorPressed": "#a3a3a3",

  "focusColor": "#40a9ff66",

  "neutralColor": "#d1d1d1",
  "neutralColorHovered": "#d3d3d3",
  "neutralColorPressed": "#d5d5d5",
  "neutralColorDisabled": "#eeeeee",

  "primaryColor": "#1890ff",
  "primaryColorHovered": "#2c9dff",
  "primaryColorPressed": "#40a9ff",
  "primaryColorDisabled": "#d1e9ff",

  "primaryAlternativeColor": "#106ef9",
  "primaryAlternativeColorDisabled": "#a9d6ff",
  "primaryAlternativeColorHovered": "#107bfd",
  "primaryAlternativeColorPressed": "#108bfd",

  "primaryColorForeground": "#ffffff",
  "primaryColorForegroundDisabled": "#ecf6ff",
  "primaryColorForegroundHovered": "#ffffff",
  "primaryColorForegroundPressed": "#ffffff",

  "secondaryColor": "#404040",
  "secondaryColorHovered": "#333333",
  "secondaryColorPressed": "#262626",
  "secondaryColorDisabled": "#d4d4d4",

  "secondaryAlternativeColor": "#909090",
  "secondaryAlternativeColorDisabled": "#c3c3c3",
  "secondaryAlternativeColorHovered": "#747474",
  "secondaryAlternativeColorPressed": "#828282",

  "secondaryColorForeground": "#ffffff",
  "secondaryColorForegroundDisabled": "#ededed",
  "secondaryColorForegroundHovered": "#ffffff",
  "secondaryColorForegroundPressed": "#ffffff",

  "semiTransparentColor1": "#0000000a",
  "semiTransparentColor2": "#00000019",
  "semiTransparentColor3": "#00000021",
  "semiTransparentColor4": "#00000028",

  "shadowColor1": "#00000020",
  "shadowColor2": "#00000040",
  "shadowColor3": "#00000060",

  "statusColorError": "#e96b72",
  "statusColorErrorHovered": "#f47c83",
  "statusColorErrorPressed": "#ff9197",
  "statusColorErrorDisabled": "#f9dadc",

  "statusColorForeground": "#ffffff",
  "statusColorForegroundHovered": "#ffffff",
  "statusColorForegroundPressed": "#ffffff",
  "statusColorForegroundDisabled": "#ffffff99",

  "statusColorInfo": "#1ba8d5",
  "statusColorInfoHovered": "#1eb5e5",
  "statusColorInfoPressed": "#29c0f0",
  "statusColorInfoDisabled": "#c7eaf5",

  "statusColorSuccess": "#2bb5a0",
  "statusColorSuccessHovered": "#3cbfab",
  "statusColorSuccessPressed": "#4ecdb9",
  "statusColorSuccessDisabled": "#d5f0ec",

  "statusColorWarning": "#fbc064",
  "statusColorWarningHovered": "#ffcf6c",
  "statusColorWarningPressed": "#ffd880",
  "statusColorWarningDisabled": "#feefd8"
}
